{"cameraMode":{"drawMode":0,"name":"Shaded","section":"Shading Mode"},"sceneLighting":true,"audioPlay":false,"sceneViewState":{"m_AlwaysRefresh":false,"showFog":true,"showSkybox":true,"showFlares":true,"showImageEffects":true,"showParticleSystems":true,"showVisualEffectGraphs":true,"m_FxEnabled":true},"in2DMode":false,"pivot":{"x":30.161394119262697,"y":10.098000526428223,"z":86.39199829101563},"rotation":{"x":0.26278331875801089,"y":-0.6504368782043457,"z":0.25715404748916628,"w":0.6646603345870972},"size":6.022929668426514,"orthographic":false}