{"cameraMode":{"drawMode":0,"name":"Shaded","section":"Shading Mode"},"sceneLighting":true,"audioPlay":false,"sceneViewState":{"m_AlwaysRefresh":false,"showFog":true,"showSkybox":true,"showFlares":true,"showImageEffects":true,"showParticleSystems":true,"showVisualEffectGraphs":true,"m_FxEnabled":true},"in2DMode":false,"pivot":{"x":-4.068917751312256,"y":11.727667808532715,"z":42.93783187866211},"rotation":{"x":0.13875319063663484,"y":-0.5392805933952332,"z":0.0906221941113472,"w":0.8255810737609863},"size":0.15069270133972169,"orthographic":false}