{"cameraMode":{"drawMode":0,"name":"Shaded","section":"Shading Mode"},"sceneLighting":true,"audioPlay":false,"sceneViewState":{"m_AlwaysRefresh":false,"showFog":true,"showSkybox":true,"showFlares":true,"showImageEffects":true,"showParticleSystems":true,"showVisualEffectGraphs":true,"m_FxEnabled":true},"in2DMode":false,"pivot":{"x":-4.068917751312256,"y":10.12331771850586,"z":42.93783187866211},"rotation":{"x":0.12345540523529053,"y":-0.5567324161529541,"z":0.08419531583786011,"w":0.8170645236968994},"size":0.15054327249526978,"orthographic":false}