{"cameraMode":{"drawMode":0,"name":"Shaded","section":"Shading Mode"},"sceneLighting":true,"audioPlay":false,"sceneViewState":{"m_AlwaysRefresh":false,"showFog":true,"showSkybox":true,"showFlares":true,"showImageEffects":true,"showParticleSystems":true,"showVisualEffectGraphs":true,"m_FxEnabled":true},"in2DMode":false,"pivot":{"x":104.34284973144531,"y":43.60130310058594,"z":149.8590850830078},"rotation":{"x":-0.22101150453090669,"y":0.7781842350959778,"z":-0.39510729908943179,"w":-0.43529877066612246},"size":15.911581993103028,"orthographic":false}